date,type,target,note
2024-09-16,holiday,ALL,
2024-09-17,holiday,ALL,
2024-09-18,holiday,ALL,
2024-10-03,holiday,ALL,
2024-10-09,holiday,ALL,
2024-12-25,holiday,ALL,
2025-01-01,holiday,ALL,
2025-01-01,pto,dev_oh,연차
2025-01-08,pto,pd_lee,연차
2025-01-15,pto,art_shin,연차
2025-01-22,pto,dev_seo,연차
2025-01-23,pto,dev_oh,연차
2025-01-28,holiday,ALL,
2025-01-29,holiday,ALL,
2025-01-30,holiday,ALL,
2025-01-31,pto,pd_park,연차
2025-02-07,pto,pd_lee,연차
2025-02-11,pto,pd_lee,연차
2025-02-17,pto,dev_nam,연차
2025-02-28,pto,dev_jung,연차
2025-03-03,holiday,ALL,
2025-03-03,pto,dev_ryu,연차
2025-03-04,pto,dev_oh,연차
2025-03-05,pto,pd_choi,연차
2025-03-06,pto,pd_kim,연차
2025-03-20,pto,dev_han,연차
2025-03-26,pto,art_yoon,연차
2025-03-26,pto,dev_ryu,연차
2025-03-26,pto,dev_seo,연차
2025-03-31,pto,dev_oh,연차
2025-04-10,pto,dev_han,연차
2025-04-15,pto,pd_choi,연차
2025-04-29,pto,pd_lee,연차
2025-05-05,holiday,ALL,
2025-05-06,holiday,ALL,
2025-05-14,pto,pd_kim,연차
2025-05-16,pto,pd_kim,연차
2025-05-23,pto,dev_seo,연차
2025-05-27,pto,art_shin,연차
2025-05-30,pto,art_yoon,연차
2025-06-05,pto,art_shin,연차
2025-06-06,holiday,ALL,
2025-06-06,pto,dev_han,연차
2025-06-11,pto,dev_ryu,연차
2025-06-12,pto,dev_nam,연차
2025-06-17,pto,dev_nam,연차
2025-06-17,pto,pd_choi,연차
2025-06-17,pto,pd_kim,연차
2025-06-18,pto,dev_nam,연차
2025-06-25,pto,dev_jung,연차
2025-06-27,pto,dev_ryu,연차
2025-07-07,pto,dev_ryu,연차
2025-07-15,pto,dev_jung,연차
2025-07-18,pto,dev_han,연차
2025-07-22,pto,dev_nam,연차
2025-07-31,pto,pd_park,연차
2025-08-07,pto,dev_han,연차
2025-08-12,pto,dev_seo,연차
2025-08-15,holiday,ALL,
2025-08-20,pto,dev_jung,연차
2025-09-09,pto,dev_han,연차
2025-09-12,pto,dev_jung,연차
2025-09-16,pto,art_shin,연차
2025-09-19,pto,art_shin,연차
2025-09-19,pto,art_yoon,연차
2025-09-19,pto,dev_nam,연차
2025-09-23,pto,pd_park,연차
2025-09-25,pto,pd_park,연차
2025-09-26,pto,dev_seo,연차
2025-10-03,holiday,ALL,
2025-10-06,holiday,ALL,
2025-10-06,pto,pd_kim,연차
2025-10-07,holiday,ALL,
2025-10-08,holiday,ALL,
2025-10-09,holiday,ALL,
2025-10-15,pto,dev_ryu,연차
2025-10-16,pto,dev_nam,연차
2025-10-24,pto,art_yoon,연차
2025-10-27,pto,dev_oh,연차
2025-10-29,pto,dev_seo,연차
2025-11-04,pto,dev_seo,연차
2025-11-07,pto,dev_seo,연차
2025-11-10,pto,dev_jung,연차
2025-11-11,pto,dev_jung,연차
2025-11-17,pto,pd_kim,연차
2025-11-27,pto,pd_choi,연차
2025-12-01,pto,pd_park,연차
2025-12-02,pto,dev_oh,연차
2025-12-03,pto,dev_ryu,연차
2025-12-15,pto,art_yoon,연차
2025-12-16,pto,art_yoon,연차
2025-12-22,pto,dev_seo,연차
2025-12-23,pto,dev_seo,연차
2025-12-25,holiday,ALL,
2025-12-31,pto,dev_ryu,연차
2026-01-01,holiday,ALL,
2026-01-06,pto,pd_kim,연차
2026-01-08,pto,dev_seo,연차
2026-01-14,pto,dev_oh,연차
2026-01-19,pto,art_shin,연차
2026-01-21,pto,pd_choi,연차
2026-02-16,holiday,ALL,
2026-02-17,holiday,ALL,
2026-02-18,holiday,ALL,
2026-03-02,holiday,ALL,
2026-03-20,pto,pd_kim,연차
2026-05-05,holiday,ALL,
