issue_key,author,date,time_spent,unit
HRG-1013,dev_jung,2025-07-25,8,h
HRG-1013,dev_jung,2025-07-28,8,h
HRG-1013,dev_jung,2025-08-11,1,d
HRG-1013,dev_jung,2025-08-25,6,h
HRG-1015,art_outsource01,2025-07-15,40,h
HRG-1015,art_outsource01,2025-08-04,40,h
HRG-1015,art_outsource01,2025-08-18,24,h
HRG-1032,dev_jung,2025-09-22,8,h
HRG-1033,dev_jung,2025-09-22,6,h
HRG-1052,dev_jung,2025-11-24,8,h
HRG-1060,dev_han,2025-11-12,8,h
HRG-1060,dev_han,2025-11-20,16,h
HRG-1101,pd_lee,2024-08-20,8,h
HRG-1102,art_outsource01,2024-08-21,8,h
HRG-1102,art_outsource01,2024-08-22,5,h
HRG-1103,dev_nam,2024-09-09,6,h
HRG-1103,dev_nam,2024-09-10,6,h
HRG-1103,dev_nam,2024-09-11,16,h
HRG-1105,pd_choi,2024-08-09,8,h
HRG-1105,pd_choi,2024-08-15,16,h
HRG-1106,art_outsource01,2024-08-05,8,h
HRG-1106,art_outsource01,2024-08-06,8,h
HRG-1106,art_outsource01,2024-08-07,1.0,d
HRG-1106,art_outsource01,2024-08-09,8,h
HRG-1106,art_outsource01,2024-08-13,1.0,d
HRG-1106,art_outsource01,2024-08-14,8,h
HRG-1106,art_outsource01,2024-08-21,4,h
HRG-1106,art_outsource01,2024-08-22,8,h
HRG-1109,dev_seo,2024-09-13,11,h
HRG-1111,art_outsource02,2024-08-23,1.0,d
HRG-1111,art_outsource02,2024-08-27,2,h
HRG-1112,dev_jung,2024-08-30,4,h
HRG-1112,dev_jung,2024-09-02,0.8,d
HRG-1112,dev_jung,2024-09-03,8,h
HRG-1112,dev_jung,2024-09-05,16,h
HRG-1112,dev_jung,2024-09-06,7,h
HRG-1113,dev_nam,2024-09-19,7,h
HRG-1114,dev_han,2024-09-19,4,h
HRG-1114,dev_han,2024-09-20,7,h
HRG-1116,art_outsource01,2024-07-22,8,h
HRG-1116,art_outsource01,2024-07-24,8,h
HRG-1116,art_outsource01,2024-07-31,8,h
HRG-1116,art_outsource01,2024-08-05,8,h
HRG-1116,art_outsource01,2024-08-07,8,h
HRG-1116,art_outsource01,2024-08-12,0.8,d
HRG-1116,art_outsource01,2024-08-13,8,h
HRG-1116,art_outsource01,2024-08-14,1.0,d
HRG-1116,art_outsource01,2024-08-19,8,h
HRG-1116,art_outsource01,2024-08-20,8,h
HRG-1116,art_outsource01,2024-08-21,8,h
HRG-1116,art_outsource01,2024-08-26,6,h
HRG-1116,art_outsource01,2024-08-27,6,h
HRG-1116,art_outsource01,2024-08-28,2.0,d
HRG-1117,dev_nam,2024-08-13,8,h
HRG-1117,dev_nam,2024-08-16,6,h
HRG-1117,dev_nam,2024-08-19,1.0,d
HRG-1117,dev_nam,2024-08-20,8,h
HRG-1117,dev_nam,2024-08-22,16,h
HRG-1117,dev_nam,2024-08-23,8,h
HRG-1117,dev_nam,2024-08-27,8,h
HRG-1117,dev_nam,2024-08-28,1.0,d
HRG-1117,dev_nam,2024-08-30,16,h
HRG-1117,dev_nam,2024-09-02,2,h
HRG-1118,dev_ryu,2024-08-13,0.5,d
HRG-1118,dev_ryu,2024-08-14,8,h
HRG-1118,dev_ryu,2024-08-16,8,h
HRG-1118,dev_ryu,2024-08-20,4,h
HRG-1118,dev_ryu,2024-08-26,6,h
HRG-1118,dev_ryu,2024-08-27,4,h
HRG-1118,dev_ryu,2024-08-28,4,h
HRG-1118,dev_ryu,2024-08-30,16,h
HRG-1118,dev_ryu,2024-09-03,4,h
HRG-1118,dev_ryu,2024-09-09,6,h
HRG-1119,dev_seo,2024-09-05,4,h
HRG-1119,dev_seo,2024-09-09,5,h
HRG-1121,art_outsource02,2024-06-28,16,h
HRG-1121,art_outsource02,2024-07-01,8,h
HRG-1121,art_outsource02,2024-07-03,1.0,d
HRG-1121,art_outsource02,2024-07-08,8,h
HRG-1121,art_outsource02,2024-07-10,8,h
HRG-1121,art_outsource02,2024-07-11,4,h
HRG-1121,art_outsource02,2024-07-12,8,h
HRG-1121,art_outsource02,2024-07-15,16,h
HRG-1121,art_outsource02,2024-07-16,1.0,d
HRG-1121,art_outsource02,2024-07-19,8,h
HRG-1123,dev_ryu,2024-07-23,4,h
HRG-1123,dev_ryu,2024-07-26,4,h
HRG-1123,dev_ryu,2024-07-29,6,h
HRG-1123,dev_ryu,2024-07-31,4,h
HRG-1123,dev_ryu,2024-08-01,8,h
HRG-1123,dev_ryu,2024-08-02,16,h
HRG-1123,dev_ryu,2024-08-05,4,h
HRG-1123,dev_ryu,2024-08-09,6,h
HRG-1123,dev_ryu,2024-08-12,8,h
HRG-1123,dev_ryu,2024-08-13,8,h
HRG-1123,dev_ryu,2024-08-14,8,h
HRG-1123,dev_ryu,2024-08-15,8,h
HRG-1123,dev_ryu,2024-08-19,6,h
HRG-1123,dev_ryu,2024-08-20,6,h
HRG-1123,dev_ryu,2024-08-21,8,h
HRG-1123,dev_ryu,2024-08-27,16,h
HRG-1123,dev_ryu,2024-08-30,8,h
HRG-1124,pd_lee,2024-08-06,4,h
HRG-1124,pd_lee,2024-08-07,8,h
HRG-1124,pd_lee,2024-08-16,8,h
HRG-1125,art_outsource02,2024-08-12,8,h
HRG-1125,art_outsource02,2024-08-16,1.0,d
HRG-1125,art_outsource02,2024-08-22,8,h
HRG-1125,art_outsource02,2024-08-26,8,h
HRG-1125,art_outsource02,2024-08-29,6,h
HRG-1125,art_outsource02,2024-09-02,8,h
HRG-1125,art_outsource02,2024-09-03,6,h
HRG-1126,dev_nam,2024-08-23,8,h
HRG-1126,dev_nam,2024-08-26,16,h
HRG-1126,dev_nam,2024-08-28,6,h
HRG-1126,dev_nam,2024-09-02,8,h
HRG-1126,dev_nam,2024-09-03,4,h
HRG-1126,dev_nam,2024-09-04,8,h
HRG-1126,dev_nam,2024-09-05,8,h
HRG-1127,dev_nam,2024-08-14,4,h
HRG-1127,dev_nam,2024-08-15,16,h
HRG-1127,dev_nam,2024-08-19,1,h
HRG-1128,dev_nam,2024-08-29,4,h
HRG-1128,dev_nam,2024-08-30,0.5,d
HRG-1128,dev_nam,2024-09-02,8,h
HRG-1128,dev_nam,2024-09-03,1.0,d
HRG-1128,dev_nam,2024-09-04,6,h
HRG-1132,dev_seo,2024-08-29,8,h
HRG-1134,pd_park,2024-09-05,6,h
HRG-1134,pd_park,2024-09-06,16,h
HRG-1134,pd_park,2024-09-09,8,h
HRG-1134,pd_park,2024-09-13,16,h
HRG-1134,pd_park,2024-09-19,8,h
HRG-1134,pd_park,2024-09-20,4,h
HRG-1134,pd_park,2024-09-26,8,h
HRG-1134,pd_park,2024-10-02,8,h
HRG-1135,art_outsource01,2024-09-12,8,h
HRG-1135,art_outsource01,2024-09-13,8,h
HRG-1135,art_outsource01,2024-10-01,16,h
HRG-1135,art_outsource01,2024-10-07,8,h
HRG-1135,art_outsource01,2024-10-10,8,h
HRG-1135,art_outsource01,2024-10-11,4,h
HRG-1135,art_outsource01,2024-10-16,16,h
HRG-1135,art_outsource01,2024-10-18,2.0,d
HRG-1135,art_outsource01,2024-10-23,1.0,d
HRG-1135,art_outsource01,2024-10-24,8,h
HRG-1135,art_outsource01,2024-10-29,8,h
HRG-1135,art_outsource01,2024-10-31,4,h
HRG-1136,dev_jung,2024-10-14,2.0,d
HRG-1136,dev_jung,2024-10-16,8,h
HRG-1136,dev_jung,2024-10-17,1.0,d
HRG-1136,dev_jung,2024-10-18,8,h
HRG-1136,dev_jung,2024-10-22,1.0,d
HRG-1136,dev_jung,2024-10-24,4,h
HRG-1136,dev_jung,2024-10-25,0.5,d
HRG-1136,dev_jung,2024-10-30,6,h
HRG-1136,dev_jung,2024-11-04,6,h
HRG-1136,dev_jung,2024-11-05,2,h
HRG-1137,dev_seo,2024-10-14,1.0,d
HRG-1137,dev_seo,2024-10-15,16,h
HRG-1137,dev_seo,2024-10-16,8,h
HRG-1137,dev_seo,2024-10-22,8,h
HRG-1137,dev_seo,2024-10-23,8,h
HRG-1137,dev_seo,2024-10-28,8,h
HRG-1137,dev_seo,2024-10-30,8,h
HRG-1137,dev_seo,2024-11-01,8,h
HRG-1137,dev_seo,2024-11-04,8,h
HRG-1137,dev_seo,2024-11-07,4,h
HRG-1137,dev_seo,2024-11-08,2,h
HRG-1138,dev_jung,2024-11-06,3,h
HRG-1139,pd_lee,2024-09-02,6,h
HRG-1139,pd_lee,2024-09-03,0.5,d
HRG-1139,pd_lee,2024-09-09,4,h
HRG-1139,pd_lee,2024-09-11,1.0,d
HRG-1139,pd_lee,2024-09-12,8,h
HRG-1139,pd_lee,2024-09-19,1.0,d
HRG-1140,art_outsource01,2024-09-11,2.0,d
HRG-1140,art_outsource01,2024-09-19,6,h
HRG-1140,art_outsource01,2024-09-20,4,h
HRG-1141,dev_oh,2024-09-25,6,h
HRG-1141,dev_oh,2024-09-26,8,h
HRG-1141,dev_oh,2024-10-02,16,h
HRG-1141,dev_oh,2024-10-07,8,h
HRG-1141,dev_oh,2024-10-10,8,h
HRG-1141,dev_oh,2024-10-11,8,h
HRG-1141,dev_oh,2024-10-14,16,h
HRG-1141,dev_oh,2024-10-15,8,h
HRG-1141,dev_oh,2024-10-17,8,h
HRG-1141,dev_oh,2024-10-22,1.0,d
HRG-1141,dev_oh,2024-10-23,8,h
HRG-1141,dev_oh,2024-10-24,8,h
HRG-1141,dev_oh,2024-10-30,8,h
HRG-1141,dev_oh,2024-10-31,0.5,d
HRG-1141,dev_oh,2024-11-01,8,h
HRG-1143,art_outsource01,2024-10-21,4,h
HRG-1143,art_outsource01,2024-10-24,16,h
HRG-1143,art_outsource01,2024-10-28,6,h
HRG-1144,dev_nam,2024-11-01,8,h
HRG-1144,dev_nam,2024-11-04,6,h
HRG-1144,dev_nam,2024-11-05,8,h
HRG-1144,dev_nam,2024-11-06,6,h
HRG-1145,pd_kim,2024-09-06,4,h
HRG-1145,pd_kim,2024-09-13,8,h
HRG-1145,pd_kim,2024-09-20,6,h
HRG-1145,pd_kim,2024-09-24,16,h
HRG-1145,pd_kim,2024-09-25,8,h
HRG-1145,pd_kim,2024-09-26,6,h
HRG-1145,pd_kim,2024-09-27,6,h
HRG-1145,pd_kim,2024-09-30,7,h
HRG-1146,art_outsource02,2024-09-24,8,h
HRG-1146,art_outsource02,2024-09-25,0.8,d
HRG-1146,art_outsource02,2024-09-26,4,h
HRG-1146,art_outsource02,2024-09-27,6,h
HRG-1146,art_outsource02,2024-09-30,8,h
HRG-1146,art_outsource02,2024-10-04,2,h
HRG-1147,dev_oh,2024-10-08,2.0,d
HRG-1147,dev_oh,2024-10-11,4,h
HRG-1147,dev_oh,2024-10-14,6,h
HRG-1147,dev_oh,2024-10-17,16,h
HRG-1147,dev_oh,2024-10-18,8,h
HRG-1147,dev_oh,2024-10-21,16,h
HRG-1147,dev_oh,2024-10-22,8,h
HRG-1147,dev_oh,2024-10-30,8,h
HRG-1147,dev_oh,2024-10-31,6,h
HRG-1147,dev_oh,2024-11-01,0.8,d
HRG-1148,dev_han,2024-11-05,0.5,d
HRG-1148,dev_han,2024-11-06,6,h
HRG-1149,pd_choi,2024-09-06,2.0,d
HRG-1149,pd_choi,2024-09-11,8,h
HRG-1149,pd_choi,2024-09-19,8,h
HRG-1149,pd_choi,2024-09-23,8,h
HRG-1149,pd_choi,2024-09-24,8,h
HRG-1149,pd_choi,2024-09-26,6,h
HRG-1149,pd_choi,2024-09-30,13,h
HRG-1150,art_outsource01,2024-09-23,8,h
HRG-1150,art_outsource01,2024-09-25,6,h
HRG-1150,art_outsource01,2024-09-30,1.0,d
HRG-1150,art_outsource01,2024-10-01,8,h
HRG-1151,dev_nam,2024-10-08,8,h
HRG-1151,dev_nam,2024-10-11,6,h
HRG-1151,dev_nam,2024-10-14,0.8,d
HRG-1151,dev_nam,2024-10-15,6,h
HRG-1151,dev_nam,2024-10-17,0.8,d
HRG-1151,dev_nam,2024-10-21,8,h
HRG-1151,dev_nam,2024-10-22,6,h
HRG-1151,dev_nam,2024-10-28,8,h
HRG-1151,dev_nam,2024-10-31,4,h
HRG-1154,art_outsource01,2024-08-30,4,h
HRG-1154,art_outsource01,2024-09-02,8,h
HRG-1154,art_outsource01,2024-09-09,8,h
HRG-1154,art_outsource01,2024-09-10,8,h
HRG-1154,art_outsource01,2024-09-20,4,h
HRG-1154,art_outsource01,2024-09-24,8,h
HRG-1154,art_outsource01,2024-09-26,8,h
HRG-1154,art_outsource01,2024-09-27,4,h
HRG-1154,art_outsource01,2024-09-30,8,h
HRG-1154,art_outsource01,2024-10-01,6,h
HRG-1155,dev_nam,2024-09-19,4,h
HRG-1155,dev_nam,2024-09-23,4,h
HRG-1155,dev_nam,2024-09-24,4,h
HRG-1155,dev_nam,2024-10-10,8,h
HRG-1155,dev_nam,2024-10-14,4,h
HRG-1155,dev_nam,2024-10-15,4,h
HRG-1155,dev_nam,2024-10-16,16,h
HRG-1155,dev_nam,2024-10-18,4,h
HRG-1155,dev_nam,2024-10-21,8,h
HRG-1155,dev_nam,2024-10-22,8,h
HRG-1155,dev_nam,2024-10-23,8,h
HRG-1155,dev_nam,2024-10-28,16,h
HRG-1157,dev_nam,2024-11-04,8,h
HRG-1159,art_outsource01,2024-10-18,10,h
HRG-1160,dev_oh,2024-10-28,16,h
HRG-1160,dev_oh,2024-10-31,8,h
HRG-1160,dev_oh,2024-11-01,4,h
HRG-1160,dev_oh,2024-11-04,1.0,d
HRG-1160,dev_oh,2024-11-05,7,h
HRG-1163,dev_oh,2024-10-18,4,h
HRG-1164,dev_seo,2024-10-04,6,h
HRG-1164,dev_seo,2024-10-08,4,h
HRG-1164,dev_seo,2024-10-14,8,h
HRG-1164,dev_seo,2024-10-15,8,h
HRG-1164,dev_seo,2024-10-16,8,h
HRG-1164,dev_seo,2024-10-17,6,h
HRG-1164,dev_seo,2024-10-21,4,h
HRG-1165,dev_ryu,2024-10-14,1.0,d
HRG-1165,dev_ryu,2024-10-15,16,h
HRG-1165,dev_ryu,2024-10-17,1.0,d
HRG-1165,dev_ryu,2024-10-21,4,h
HRG-1166,dev_seo,2024-10-02,8,h
HRG-1166,dev_seo,2024-10-07,8,h
HRG-1166,dev_seo,2024-10-11,6,h
HRG-1166,dev_seo,2024-10-14,16,h
HRG-1166,dev_seo,2024-10-16,8,h
HRG-1166,dev_seo,2024-10-17,8,h
HRG-1166,dev_seo,2024-10-18,16,h
HRG-1167,dev_ryu,2024-10-18,6,h
HRG-1167,dev_ryu,2024-10-21,16,h
HRG-1167,dev_ryu,2024-10-22,8,h
HRG-1167,dev_ryu,2024-10-24,4,h
HRG-1167,dev_ryu,2024-10-25,6,h
HRG-1167,dev_ryu,2024-10-28,6,h
HRG-1167,dev_ryu,2024-10-29,5,h
HRG-1169,art_shin,2024-10-23,8,h
HRG-1169,art_shin,2024-10-24,6,h
HRG-1169,art_shin,2024-10-29,5,h
HRG-1171,pd_lee,2024-11-26,6,h
HRG-1171,pd_lee,2024-11-28,4,h
HRG-1171,pd_lee,2024-11-29,1.0,d
HRG-1171,pd_lee,2024-12-03,6,h
HRG-1171,pd_lee,2024-12-04,8,h
HRG-1171,pd_lee,2024-12-05,6,h
HRG-1171,pd_lee,2024-12-09,6,h
HRG-1171,pd_lee,2024-12-12,8,h
HRG-1171,pd_lee,2024-12-16,1.0,d
HRG-1171,pd_lee,2024-12-17,0.8,d
HRG-1172,art_outsource01,2024-12-05,4,h
HRG-1172,art_outsource01,2024-12-06,8,h
HRG-1172,art_outsource01,2024-12-11,16,h
HRG-1172,art_outsource01,2024-12-23,8,h
HRG-1172,art_outsource01,2024-12-30,8,h
HRG-1172,art_outsource01,2025-01-02,16,h
HRG-1172,art_outsource01,2025-01-06,8,h
HRG-1172,art_outsource01,2025-01-07,4,h
HRG-1172,art_outsource01,2025-01-08,4,h
HRG-1172,art_outsource01,2025-01-14,8,h
HRG-1172,art_outsource01,2025-01-17,8,h
HRG-1172,art_outsource01,2025-01-20,8,h
HRG-1173,dev_nam,2024-12-31,1.0,d
HRG-1173,dev_nam,2025-01-07,6,h
HRG-1173,dev_nam,2025-01-23,8,h
HRG-1173,dev_nam,2025-01-24,1.0,d
HRG-1173,dev_nam,2025-02-03,8,h
HRG-1176,art_outsource02,2024-12-16,0.5,d
HRG-1176,art_outsource02,2024-12-17,8,h
HRG-1176,art_outsource02,2024-12-19,4,h
HRG-1176,art_outsource02,2024-12-20,8,h
HRG-1176,art_outsource02,2025-01-02,8,h
HRG-1176,art_outsource02,2025-01-03,4,h
HRG-1176,art_outsource02,2025-01-07,0.8,d
HRG-1177,dev_oh,2025-01-06,8,h
HRG-1177,dev_oh,2025-01-07,8,h
HRG-1177,dev_oh,2025-01-09,8,h
HRG-1177,dev_oh,2025-01-10,8,h
HRG-1177,dev_oh,2025-01-13,4,h
HRG-1177,dev_oh,2025-01-14,8,h
HRG-1177,dev_oh,2025-01-15,6,h
HRG-1177,dev_oh,2025-01-16,6,h
HRG-1177,dev_oh,2025-01-21,8,h
HRG-1177,dev_oh,2025-01-22,3,h
HRG-1179,art_outsource01,2024-11-18,8,h
HRG-1179,art_outsource01,2024-11-21,4,h
HRG-1179,art_outsource01,2024-11-22,6,h
HRG-1179,art_outsource01,2024-11-25,8,h
HRG-1179,art_outsource01,2024-11-27,4,h
HRG-1179,art_outsource01,2024-11-29,4,h
HRG-1179,art_outsource01,2024-12-09,6,h
HRG-1179,art_outsource01,2024-12-10,1.0,d
HRG-1179,art_outsource01,2024-12-13,6,h
HRG-1179,art_outsource01,2024-12-16,8,h
HRG-1180,dev_nam,2024-12-02,1.0,d
HRG-1180,dev_nam,2024-12-04,8,h
HRG-1180,dev_nam,2024-12-10,8,h
HRG-1180,dev_nam,2024-12-12,1.0,d
HRG-1180,dev_nam,2024-12-13,0.5,d
HRG-1180,dev_nam,2024-12-16,6,h
HRG-1180,dev_nam,2024-12-18,16,h
HRG-1180,dev_nam,2024-12-20,8,h
HRG-1180,dev_nam,2024-12-23,16,h
HRG-1180,dev_nam,2025-01-03,8,h
HRG-1180,dev_nam,2025-01-06,8,h
HRG-1180,dev_nam,2025-01-08,6,h
HRG-1180,dev_nam,2025-01-13,8,h
HRG-1180,dev_nam,2025-01-15,6,h
HRG-1180,dev_nam,2025-01-16,4,h
HRG-1181,dev_han,2024-12-03,0.5,d
HRG-1181,dev_han,2024-12-11,6,h
HRG-1181,dev_han,2024-12-19,4,h
HRG-1181,dev_han,2024-12-23,4,h
HRG-1181,dev_han,2024-12-27,8,h
HRG-1181,dev_han,2025-01-03,1.0,d
HRG-1181,dev_han,2025-01-07,8,h
HRG-1181,dev_han,2025-01-08,6,h
HRG-1181,dev_han,2025-01-14,16,h
HRG-1182,dev_seo,2025-01-20,8,h
HRG-1184,art_outsource01,2025-01-08,8,h
HRG-1184,art_outsource01,2025-01-14,14,h
HRG-1185,dev_jung,2025-01-23,4,h
HRG-1185,dev_jung,2025-01-24,6,h
HRG-1186,dev_han,2025-01-31,5,h
HRG-1188,pd_choi,2024-11-08,16,h
HRG-1188,pd_choi,2024-11-11,16,h
HRG-1188,pd_choi,2024-11-14,1.0,d
HRG-1188,pd_choi,2024-11-15,16,h
HRG-1188,pd_choi,2024-11-18,4,h
HRG-1188,pd_choi,2024-11-21,8,h
HRG-1188,pd_choi,2024-11-26,16,h
HRG-1188,pd_choi,2024-11-27,16,h
HRG-1188,pd_choi,2024-12-04,8,h
HRG-1189,art_outsource01,2024-11-28,4,h
HRG-1189,art_outsource01,2024-12-04,4,h
HRG-1189,art_outsource01,2024-12-05,8,h
HRG-1189,art_outsource01,2024-12-09,4,h
HRG-1189,art_outsource01,2024-12-10,16,h
HRG-1189,art_outsource01,2024-12-11,0.8,d
HRG-1189,art_outsource01,2024-12-12,4,h
HRG-1189,art_outsource01,2024-12-13,1.0,d
HRG-1189,art_outsource01,2024-12-17,8,h
HRG-1190,dev_nam,2024-12-13,8,h
HRG-1190,dev_nam,2024-12-16,6,h
HRG-1190,dev_nam,2024-12-20,1.0,d
HRG-1190,dev_nam,2024-12-26,16,h
HRG-1190,dev_nam,2024-12-31,4,h
HRG-1190,dev_nam,2025-01-02,8,h
HRG-1190,dev_nam,2025-01-08,16,h
HRG-1190,dev_nam,2025-01-17,2.0,d
HRG-1191,dev_seo,2024-12-13,16,h
HRG-1191,dev_seo,2024-12-18,6,h
HRG-1191,dev_seo,2024-12-24,8,h
HRG-1191,dev_seo,2024-12-30,0.8,d
HRG-1191,dev_seo,2025-01-03,8,h
HRG-1191,dev_seo,2025-01-07,16,h
HRG-1191,dev_seo,2025-01-10,8,h
HRG-1191,dev_seo,2025-01-15,6,h
HRG-1191,dev_seo,2025-01-16,8,h
HRG-1191,dev_seo,2025-01-22,6,h
HRG-1191,dev_seo,2025-01-23,8,h
HRG-1193,pd_kim,2024-12-26,16,h
HRG-1193,pd_kim,2024-12-27,8,h
HRG-1193,pd_kim,2024-12-30,1.0,d
HRG-1194,art_outsource01,2024-12-17,6,h
HRG-1194,art_outsource01,2024-12-18,8,h
HRG-1194,art_outsource01,2024-12-19,1.0,d
HRG-1194,art_outsource01,2024-12-20,16,h
HRG-1194,art_outsource01,2024-12-23,8,h
HRG-1194,art_outsource01,2024-12-24,8,h
HRG-1194,art_outsource01,2024-12-26,8,h
HRG-1194,art_outsource01,2024-12-30,6,h
HRG-1194,art_outsource01,2025-01-03,16,h
HRG-1194,art_outsource01,2025-01-06,6,h
HRG-1194,art_outsource01,2025-01-08,16,h
HRG-1194,art_outsource01,2025-01-09,8,h
HRG-1194,art_outsource01,2025-01-10,1,h
HRG-1195,dev_nam,2025-01-03,8,h
HRG-1195,dev_nam,2025-01-08,8,h
HRG-1195,dev_nam,2025-01-10,4,h
HRG-1195,dev_nam,2025-01-13,16,h
HRG-1195,dev_nam,2025-01-14,6,h
HRG-1195,dev_nam,2025-01-16,8,h
HRG-1195,dev_nam,2025-01-20,8,h
HRG-1196,art_shin,2024-12-26,4,h
HRG-1196,art_shin,2024-12-27,8,h
HRG-1196,art_shin,2025-01-06,2.0,d
HRG-1197,dev_seo,2025-01-03,8,h
HRG-1197,dev_seo,2025-01-06,16,h
HRG-1197,dev_seo,2025-01-08,1.0,d
HRG-1197,dev_seo,2025-01-09,8,h
HRG-1202,dev_oh,2025-01-03,1.0,d
HRG-1202,dev_oh,2025-01-06,8,h
HRG-1202,dev_oh,2025-01-07,8,h
HRG-1202,dev_oh,2025-01-13,6,h
HRG-1202,dev_oh,2025-01-14,16,h
HRG-1202,dev_oh,2025-01-15,1.0,d
HRG-1202,dev_oh,2025-01-16,10,h
HRG-1204,art_outsource01,2025-01-13,6,h
HRG-1204,art_outsource01,2025-01-14,16,h
HRG-1204,art_outsource01,2025-01-16,16,h
HRG-1204,art_outsource01,2025-01-20,8,h
HRG-1204,art_outsource01,2025-01-21,2.0,d
HRG-1204,art_outsource01,2025-01-23,6,h
HRG-1204,art_outsource01,2025-01-24,0.5,d
HRG-1204,art_outsource01,2025-01-31,8,h
HRG-1204,art_outsource01,2025-02-03,8,h
HRG-1204,art_outsource01,2025-02-05,6,h
HRG-1204,art_outsource01,2025-02-07,6,h
HRG-1204,art_outsource01,2025-02-20,8,h
HRG-1204,art_outsource01,2025-02-24,8,h
HRG-1204,art_outsource01,2025-02-26,8,h
HRG-1204,art_outsource01,2025-02-27,16,h
HRG-1204,art_outsource01,2025-03-04,8,h
HRG-1204,art_outsource01,2025-03-11,8,h
HRG-1204,art_outsource01,2025-03-12,6,h
HRG-1204,art_outsource01,2025-03-19,4,h
HRG-1204,art_outsource01,2025-03-20,16,h
HRG-1204,art_outsource01,2025-03-27,0.8,d
HRG-1209,art_outsource01,2024-12-31,6,h
HRG-1209,art_outsource01,2025-01-02,16,h
HRG-1209,art_outsource01,2025-01-03,6,h
HRG-1209,art_outsource01,2025-01-08,8,h
HRG-1209,art_outsource01,2025-01-16,1.0,d
HRG-1209,art_outsource01,2025-01-20,8,h
HRG-1209,art_outsource01,2025-01-21,1.0,d
HRG-1209,art_outsource01,2025-01-23,2.0,d
HRG-1209,art_outsource01,2025-01-27,6,h
HRG-1209,art_outsource01,2025-01-31,8,h
HRG-1209,art_outsource01,2025-02-03,1.0,d
HRG-1210,dev_nam,2025-01-20,8,h
HRG-1210,dev_nam,2025-01-27,6,h
HRG-1210,dev_nam,2025-01-31,16,h
HRG-1210,dev_nam,2025-02-04,16,h
HRG-1210,dev_nam,2025-02-07,4,h
HRG-1210,dev_nam,2025-02-11,8,h
HRG-1210,dev_nam,2025-02-17,8,h
HRG-1210,dev_nam,2025-02-18,6,h
HRG-1210,dev_nam,2025-02-21,4,h
HRG-1210,dev_nam,2025-02-24,4,h
HRG-1210,dev_nam,2025-03-04,0.8,d
HRG-1210,dev_nam,2025-03-05,4,h
HRG-1210,dev_nam,2025-03-06,8,h
HRG-1210,dev_nam,2025-03-07,8,h
HRG-1210,dev_nam,2025-03-10,8,h
HRG-1211,dev_seo,2025-01-21,16,h
HRG-1211,dev_seo,2025-01-24,16,h
HRG-1211,dev_seo,2025-01-27,8,h
HRG-1211,dev_seo,2025-02-04,4,h
HRG-1211,dev_seo,2025-02-05,8,h
HRG-1211,dev_seo,2025-02-11,8,h
HRG-1211,dev_seo,2025-02-13,8,h
HRG-1211,dev_seo,2025-02-17,8,h
HRG-1211,dev_seo,2025-02-18,4,h
HRG-1211,dev_seo,2025-02-21,2.0,d
HRG-1211,dev_seo,2025-02-24,16,h
HRG-1211,dev_seo,2025-03-05,6,h
HRG-1211,dev_seo,2025-03-06,1.0,d
HRG-1213,art_outsource01,2025-01-21,6,h
HRG-1213,art_outsource01,2025-01-23,1.0,d
HRG-1213,art_outsource01,2025-01-27,16,h
HRG-1213,art_outsource01,2025-01-31,0.6,d
HRG-1214,dev_nam,2025-02-05,16,h
HRG-1214,dev_nam,2025-02-10,4,h
HRG-1214,dev_nam,2025-02-12,4,h
HRG-1214,dev_nam,2025-02-13,6,h
HRG-1214,dev_nam,2025-02-14,1.0,d
HRG-1214,dev_nam,2025-02-18,6,h
HRG-1214,dev_nam,2025-02-20,6,h
HRG-1214,dev_nam,2025-02-21,4,h
HRG-1214,dev_nam,2025-02-25,4,h
HRG-1214,dev_nam,2025-02-28,6,h
HRG-1214,dev_nam,2025-03-04,8,h
HRG-1214,dev_nam,2025-03-05,1.0,d
HRG-1214,dev_nam,2025-03-06,8,h
HRG-1214,dev_nam,2025-03-07,8,h
HRG-1214,dev_nam,2025-03-10,6,h
HRG-1214,dev_nam,2025-03-11,8,h
HRG-1214,dev_nam,2025-03-12,8,h
HRG-1215,dev_jung,2025-03-13,8,h
HRG-1216,pd_kim,2025-02-18,4,h
HRG-1216,pd_kim,2025-02-21,6,h
HRG-1217,art_outsource01,2025-02-25,8,h
HRG-1217,art_outsource01,2025-02-26,6,h
HRG-1219,pd_choi,2025-01-10,8,h
HRG-1219,pd_choi,2025-01-14,8,h
HRG-1219,pd_choi,2025-01-15,8,h
HRG-1219,pd_choi,2025-01-20,0.5,d
HRG-1219,pd_choi,2025-01-24,8,h
HRG-1219,pd_choi,2025-01-27,8,h
HRG-1219,pd_choi,2025-01-31,6,h
HRG-1220,art_outsource02,2025-01-24,4,h
HRG-1220,art_outsource02,2025-01-31,16,h
HRG-1220,art_outsource02,2025-02-03,6,h
HRG-1220,art_outsource02,2025-02-06,4,h
HRG-1223,art_outsource01,2025-02-24,8,h
HRG-1225,dev_seo,2025-03-18,8,h
HRG-1225,dev_seo,2025-03-19,0.5,d
HRG-1226,pd_park,2024-11-29,4,h
HRG-1226,pd_park,2024-12-05,16,h
HRG-1226,pd_park,2024-12-06,6,h
HRG-1226,pd_park,2024-12-09,4,h
HRG-1226,pd_park,2024-12-11,8,h
HRG-1226,pd_park,2024-12-12,1.0,d
HRG-1226,pd_park,2024-12-13,8,h
HRG-1226,pd_park,2024-12-16,4,h
HRG-1226,pd_park,2024-12-18,4,h
HRG-1226,pd_park,2024-12-19,4,h
HRG-1226,pd_park,2024-12-20,6,h
HRG-1226,pd_park,2024-12-24,4,h
HRG-1226,pd_park,2024-12-27,6,h
HRG-1226,pd_park,2024-12-30,6,h
HRG-1226,pd_park,2025-01-03,4,h
HRG-1226,pd_park,2025-01-06,8,h
HRG-1227,art_outsource02,2024-12-18,8,h
HRG-1227,art_outsource02,2024-12-19,8,h
HRG-1227,art_outsource02,2024-12-20,8,h
HRG-1227,art_outsource02,2024-12-23,8,h
HRG-1227,art_outsource02,2024-12-24,16,h
HRG-1227,art_outsource02,2024-12-27,16,h
HRG-1227,art_outsource02,2024-12-30,6,h
HRG-1227,art_outsource02,2025-01-03,8,h
HRG-1227,art_outsource02,2025-01-07,10,h
HRG-1228,dev_nam,2025-01-14,8,h
HRG-1228,dev_nam,2025-01-20,1.0,d
HRG-1228,dev_nam,2025-01-21,6,h
HRG-1228,dev_nam,2025-01-22,8,h
HRG-1228,dev_nam,2025-01-27,4,h
HRG-1228,dev_nam,2025-02-04,8,h
HRG-1228,dev_nam,2025-02-07,16,h
HRG-1228,dev_nam,2025-02-14,8,h
HRG-1228,dev_nam,2025-02-24,6,h
HRG-1228,dev_nam,2025-02-27,4,h
HRG-1228,dev_nam,2025-02-28,8,h
HRG-1228,dev_nam,2025-03-06,16,h
HRG-1228,dev_nam,2025-03-07,1.0,d
HRG-1231,art_outsource02,2025-02-27,6,h
HRG-1231,art_outsource02,2025-02-28,4,h
HRG-1231,art_outsource02,2025-03-04,8,h
HRG-1231,art_outsource02,2025-03-05,0.5,d
HRG-1231,art_outsource02,2025-03-07,0.4,d
HRG-1232,dev_nam,2025-03-12,8,h
HRG-1232,dev_nam,2025-03-14,4,h
HRG-1232,dev_nam,2025-03-17,8,h
HRG-1236,dev_jung,2025-02-12,16,h
HRG-1236,dev_jung,2025-02-17,4,h
HRG-1236,dev_jung,2025-02-21,8,h
HRG-1236,dev_jung,2025-02-26,8,h
HRG-1236,dev_jung,2025-02-27,1.0,d
HRG-1236,dev_jung,2025-02-28,0.5,d
HRG-1236,dev_jung,2025-03-04,8,h
HRG-1240,art_outsource02,2025-03-25,0.8,d
HRG-1240,art_outsource02,2025-03-27,8,h
HRG-1240,art_outsource02,2025-03-28,8,h
HRG-1240,art_outsource02,2025-03-31,8,h
HRG-1241,dev_jung,2025-04-03,4,h
HRG-1241,dev_jung,2025-04-04,1.0,d
HRG-1241,dev_jung,2025-04-07,8,h
HRG-1241,dev_jung,2025-04-08,8,h
HRG-1241,dev_jung,2025-04-09,4,h
HRG-1241,dev_jung,2025-04-11,8,h
HRG-1241,dev_jung,2025-04-14,8,h
HRG-1241,dev_jung,2025-04-23,4,h
HRG-1241,dev_jung,2025-04-24,4,h
HRG-1241,dev_jung,2025-04-28,16,h
HRG-1241,dev_jung,2025-05-02,6,h
HRG-1241,dev_jung,2025-05-07,8,h
HRG-1241,dev_jung,2025-05-09,2.0,d
HRG-1241,dev_jung,2025-05-13,8,h
HRG-1241,dev_jung,2025-05-14,16,h
HRG-1241,dev_jung,2025-05-15,8,h
HRG-1241,dev_jung,2025-05-20,8,h
HRG-1241,dev_jung,2025-05-21,1.1,d
HRG-1243,art_outsource02,2025-04-15,6,h
HRG-1243,art_outsource02,2025-04-16,8,h
HRG-1243,art_outsource02,2025-04-18,2.0,d
HRG-1243,art_outsource02,2025-04-23,4,h
HRG-1243,art_outsource02,2025-05-01,6,h
HRG-1243,art_outsource02,2025-05-02,8,h
HRG-1247,art_outsource02,2025-04-08,2.0,d
HRG-1247,art_outsource02,2025-04-09,8,h
HRG-1247,art_outsource02,2025-04-14,8,h
HRG-1247,art_outsource02,2025-04-15,16,h
HRG-1247,art_outsource02,2025-04-17,16,h
HRG-1247,art_outsource02,2025-04-18,8,h
HRG-1247,art_outsource02,2025-04-21,8,h
HRG-1247,art_outsource02,2025-04-23,1.0,d
HRG-1247,art_outsource02,2025-04-24,8,h
HRG-1247,art_outsource02,2025-04-28,4,h
HRG-1247,art_outsource02,2025-05-01,8,h
HRG-1248,dev_jung,2025-04-21,4,h
HRG-1248,dev_jung,2025-04-24,8,h
HRG-1248,dev_jung,2025-04-29,16,h
HRG-1248,dev_jung,2025-04-30,8,h
HRG-1248,dev_jung,2025-05-01,8,h
HRG-1248,dev_jung,2025-05-02,6,h
HRG-1248,dev_jung,2025-05-07,1.0,d
HRG-1248,dev_jung,2025-05-08,16,h
HRG-1248,dev_jung,2025-05-09,8,h
HRG-1248,dev_jung,2025-05-13,6,h
HRG-1249,pd_park,2025-03-26,8,h
HRG-1249,pd_park,2025-03-27,0.8,d
HRG-1249,pd_park,2025-03-31,8,h
HRG-1249,pd_park,2025-04-03,8,h
HRG-1249,pd_park,2025-04-04,8,h
HRG-1249,pd_park,2025-04-07,6,h
HRG-1249,pd_park,2025-04-09,8,h
HRG-1249,pd_park,2025-04-11,6,h
HRG-1249,pd_park,2025-04-14,0.8,d
HRG-1249,pd_park,2025-04-15,8,h
HRG-1249,pd_park,2025-04-16,0.7,d
HRG-1250,art_outsource02,2025-03-31,8,h
HRG-1250,art_outsource02,2025-04-02,16,h
HRG-1250,art_outsource02,2025-04-04,8,h
HRG-1250,art_outsource02,2025-04-08,8,h
HRG-1250,art_outsource02,2025-04-10,16,h
HRG-1250,art_outsource02,2025-04-14,8,h
HRG-1250,art_outsource02,2025-04-17,4,h
HRG-1250,art_outsource02,2025-04-18,16,h
HRG-1250,art_outsource02,2025-04-21,6,h
HRG-1250,art_outsource02,2025-04-25,8,h
HRG-1250,art_outsource02,2025-04-29,1.0,d
HRG-1250,art_outsource02,2025-05-08,8,h
HRG-1250,art_outsource02,2025-05-09,4,h
HRG-1250,art_outsource02,2025-05-12,6,h
HRG-1250,art_outsource02,2025-05-14,8,h
HRG-1250,art_outsource02,2025-05-20,8,h
HRG-1250,art_outsource02,2025-05-21,6,h
HRG-1250,art_outsource02,2025-05-23,8,h
HRG-1251,dev_oh,2025-04-29,8,h
HRG-1251,dev_oh,2025-04-30,6,h
HRG-1251,dev_oh,2025-05-02,16,h
HRG-1251,dev_oh,2025-05-07,16,h
HRG-1251,dev_oh,2025-05-09,1.0,d
HRG-1251,dev_oh,2025-05-14,8,h
HRG-1251,dev_oh,2025-05-19,8,h
HRG-1253,pd_park,2025-03-25,6,h
HRG-1253,pd_park,2025-03-26,16,h
HRG-1253,pd_park,2025-03-31,8,h
HRG-1253,pd_park,2025-04-01,6,h
HRG-1253,pd_park,2025-04-03,1.0,d
HRG-1253,pd_park,2025-04-08,8,h
HRG-1253,pd_park,2025-04-09,4,h
HRG-1254,art_outsource02,2025-04-02,8,h
HRG-1254,art_outsource02,2025-04-04,8,h
HRG-1254,art_outsource02,2025-04-09,6,h
HRG-1254,art_outsource02,2025-04-14,8,h
HRG-1254,art_outsource02,2025-04-15,6,h
HRG-1255,dev_oh,2025-04-17,4,h
HRG-1255,dev_oh,2025-04-23,8,h
HRG-1255,dev_oh,2025-04-30,8,h
HRG-1255,dev_oh,2025-05-14,1.0,d
HRG-1255,dev_oh,2025-05-15,8,h
HRG-1255,dev_oh,2025-05-16,6,h
HRG-1255,dev_oh,2025-05-19,1.0,d
HRG-1255,dev_oh,2025-05-20,16,h
HRG-1256,pd_kim,2025-04-10,8,h
HRG-1256,pd_kim,2025-04-14,1.0,d
HRG-1256,pd_kim,2025-04-16,4,h
HRG-1257,art_outsource02,2025-04-08,8,h
HRG-1257,art_outsource02,2025-04-09,0.8,d
HRG-1257,art_outsource02,2025-04-11,8,h
HRG-1257,art_outsource02,2025-04-18,0.5,d
HRG-1257,art_outsource02,2025-04-23,4,h
HRG-1257,art_outsource02,2025-04-29,4,h
HRG-1258,dev_oh,2025-04-23,6,h
HRG-1258,dev_oh,2025-04-28,2.0,d
HRG-1258,dev_oh,2025-05-01,8,h
HRG-1258,dev_oh,2025-05-07,4,h
HRG-1258,dev_oh,2025-05-08,8,h
HRG-1258,dev_oh,2025-05-12,8,h
HRG-1258,dev_oh,2025-05-14,8,h
HRG-1258,dev_oh,2025-05-15,16,h
HRG-1258,dev_oh,2025-05-16,8,h
HRG-1258,dev_oh,2025-05-19,8,h
HRG-1258,dev_oh,2025-05-20,6,h
HRG-1258,dev_oh,2025-05-23,6,h
HRG-1260,art_outsource01,2025-03-07,6,h
HRG-1260,art_outsource01,2025-03-10,4,h
HRG-1260,art_outsource01,2025-03-11,6,h
HRG-1260,art_outsource01,2025-03-13,16,h
HRG-1260,art_outsource01,2025-03-20,4,h
HRG-1260,art_outsource01,2025-03-21,8,h
HRG-1260,art_outsource01,2025-03-24,0.8,d
HRG-1260,art_outsource01,2025-03-28,8,h
HRG-1260,art_outsource01,2025-03-31,4,h
HRG-1260,art_outsource01,2025-04-02,4,h
HRG-1261,dev_nam,2025-03-28,8,h
HRG-1261,dev_nam,2025-04-02,8,h
HRG-1261,dev_nam,2025-04-03,16,h
HRG-1261,dev_nam,2025-04-04,8,h
HRG-1261,dev_nam,2025-04-07,16,h
HRG-1261,dev_nam,2025-04-08,6,h
HRG-1261,dev_nam,2025-04-09,4,h
HRG-1261,dev_nam,2025-04-14,8,h
HRG-1261,dev_nam,2025-04-15,8,h
HRG-1261,dev_nam,2025-04-16,4,h
HRG-1261,dev_nam,2025-04-17,16,h
HRG-1261,dev_nam,2025-04-18,8,h
HRG-1261,dev_nam,2025-04-24,16,h
HRG-1261,dev_nam,2025-04-25,16,h
HRG-1261,dev_nam,2025-04-28,0.5,d
HRG-1261,dev_nam,2025-05-01,6,h
HRG-1262,dev_seo,2025-04-01,4,h
HRG-1262,dev_seo,2025-04-03,0.8,d
HRG-1262,dev_seo,2025-04-04,16,h
HRG-1262,dev_seo,2025-04-07,1.0,d
HRG-1262,dev_seo,2025-04-09,16,h
HRG-1262,dev_seo,2025-04-17,8,h
HRG-1262,dev_seo,2025-04-18,8,h
HRG-1262,dev_seo,2025-04-21,8,h
HRG-1262,dev_seo,2025-04-24,8,h
HRG-1262,dev_seo,2025-05-08,8,h
HRG-1262,dev_seo,2025-05-15,1.0,d
HRG-1263,dev_jung,2025-04-23,8,h
HRG-1264,art_shin,2025-04-23,4,h
HRG-1264,art_shin,2025-04-28,8,h
HRG-1267,dev_seo,2025-05-15,1.0,d
HRG-1267,dev_seo,2025-05-16,0.8,d
HRG-1268,dev_han,2025-05-12,4,h
HRG-1268,dev_han,2025-05-13,8,h
HRG-1268,dev_han,2025-05-15,8,h
HRG-1268,dev_han,2025-05-16,2,h
HRG-1269,dev_han,2025-04-10,1.0,d
HRG-1269,dev_han,2025-04-11,6,h
HRG-1269,dev_han,2025-04-14,8,h
HRG-1269,dev_han,2025-04-15,16,h
HRG-1269,dev_han,2025-04-17,16,h
HRG-1269,dev_han,2025-04-21,8,h
HRG-1269,dev_han,2025-04-22,4,h
HRG-1269,dev_han,2025-04-24,4,h
HRG-1269,dev_han,2025-04-25,4,h
HRG-1269,dev_han,2025-04-29,2.0,d
HRG-1269,dev_han,2025-04-30,8,h
HRG-1269,dev_han,2025-05-02,4,h
HRG-1270,dev_jung,2025-04-18,8,h
HRG-1270,dev_jung,2025-04-23,16,h
HRG-1270,dev_jung,2025-04-25,4,h
HRG-1270,dev_jung,2025-04-28,6,h
HRG-1270,dev_jung,2025-04-29,8,h
HRG-1270,dev_jung,2025-05-01,8,h
HRG-1272,art_outsource02,2025-09-01,2.0,d
HRG-1272,art_outsource02,2025-09-09,1.0,d
HRG-1273,dev_oh,2025-09-05,6,h
HRG-1273,dev_oh,2025-09-08,4,h
HRG-1273,dev_oh,2025-09-10,4,h
HRG-1273,dev_oh,2025-09-11,8,h
HRG-1273,dev_oh,2025-09-12,6,h
HRG-1274,dev_oh,2025-09-16,8,h
HRG-1276,pd_lee,2025-08-20,1.0,d
HRG-1276,pd_lee,2025-08-21,1.0,d
HRG-1276,pd_lee,2025-08-22,6,h
HRG-1278,dev_oh,2025-09-04,6,h
HRG-1278,dev_oh,2025-09-05,4,h
HRG-1278,dev_oh,2025-09-08,8,h
HRG-1278,dev_oh,2025-09-09,6,h
HRG-1278,dev_oh,2025-09-11,6,h
HRG-1279,pd_lee,2025-08-27,8,h
HRG-1279,pd_lee,2025-08-28,4,h
HRG-1279,pd_lee,2025-09-01,8,h
HRG-1279,pd_lee,2025-09-02,0,h
HRG-1280,art_outsource01,2025-08-29,4,h
HRG-1280,art_outsource01,2025-09-02,16,h
HRG-1280,art_outsource01,2025-09-05,8,h
HRG-1280,art_outsource01,2025-09-08,16,h
HRG-1283,art_outsource02,2025-08-22,1.0,d
HRG-1283,art_outsource02,2025-08-28,1.0,d
HRG-1284,dev_oh,2025-09-05,8,h
HRG-1284,dev_oh,2025-09-08,4,h
HRG-1285,pd_park,2025-08-26,0.8,d
HRG-1285,pd_park,2025-09-02,8,h
HRG-1286,art_outsource02,2025-08-27,16,h
HRG-1286,art_outsource02,2025-08-29,6,h
HRG-1286,art_outsource02,2025-09-01,8,h
HRG-1286,art_outsource02,2025-09-02,3,h
HRG-1287,dev_oh,2025-09-10,8,h
HRG-1287,dev_oh,2025-09-12,2.0,d
HRG-1287,dev_oh,2025-09-15,3,h
HRG-1289,pd_lee,2025-08-20,16,h
HRG-1289,pd_lee,2025-08-22,4,h
HRG-1289,pd_lee,2025-08-26,1.0,d
HRG-1290,art_outsource01,2025-08-22,16,h
HRG-1290,art_outsource01,2025-08-26,4,h
HRG-1292,dev_ryu,2025-08-19,8,h
HRG-1292,dev_ryu,2025-08-27,4,h
HRG-1292,dev_ryu,2025-08-28,6,h
HRG-1292,dev_ryu,2025-08-29,0.8,d
HRG-1292,dev_ryu,2025-09-03,8,h
HRG-1292,dev_ryu,2025-09-04,4,h
HRG-1293,dev_nam,2025-08-19,16,h
HRG-1293,dev_nam,2025-08-20,0.6,d
HRG-1294,art_shin,2025-08-28,1.0,d
HRG-1296,dev_oh,2025-08-26,8,h
HRG-1296,dev_oh,2025-08-27,0.8,d
HRG-1296,dev_oh,2025-08-29,6,h
HRG-1296,dev_oh,2025-09-02,8,h
HRG-1296,dev_oh,2025-09-05,8,h
HRG-1297,art_shin,2025-09-03,1.0,d
HRG-1297,art_shin,2025-09-08,8,h
HRG-1297,art_shin,2025-09-09,5,h
HRG-1299,pd_kim,2025-10-28,6,h
HRG-1299,pd_kim,2025-10-29,4,h
HRG-1299,pd_kim,2025-10-30,8,h
HRG-1300,art_outsource02,2025-10-24,6,h
HRG-1300,art_outsource02,2025-10-27,8,h
HRG-1300,art_outsource02,2025-10-29,16,h
HRG-1300,art_outsource02,2025-10-31,6,h
HRG-1301,dev_jung,2025-11-06,4,h
HRG-1301,dev_jung,2025-11-07,6,h
HRG-1302,dev_oh,2025-11-17,13,h
HRG-1304,art_outsource01,2025-10-23,0.8,d
HRG-1304,art_outsource01,2025-10-29,8,h
HRG-1307,art_outsource02,2025-08-20,4,h
HRG-1307,art_outsource02,2025-08-21,6,h
HRG-1307,art_outsource02,2025-08-22,6,h
HRG-1307,art_outsource02,2025-09-02,8,h
HRG-1307,art_outsource02,2025-09-09,8,h
HRG-1307,art_outsource02,2025-09-10,6,h
HRG-1307,art_outsource02,2025-09-11,8,h
HRG-1307,art_outsource02,2025-09-15,6,h
HRG-1307,art_outsource02,2025-09-17,0.8,d
HRG-1307,art_outsource02,2025-09-18,1.0,d
HRG-1308,dev_nam,2025-09-05,8,h
HRG-1308,dev_nam,2025-09-09,8,h
HRG-1308,dev_nam,2025-09-10,0.5,d
HRG-1308,dev_nam,2025-09-11,16,h
HRG-1308,dev_nam,2025-09-12,8,h
HRG-1308,dev_nam,2025-09-15,8,h
HRG-1308,dev_nam,2025-09-16,1.0,d
HRG-1308,dev_nam,2025-09-17,6,h
HRG-1308,dev_nam,2025-09-19,6,h
HRG-1308,dev_nam,2025-09-22,16,h
HRG-1308,dev_nam,2025-09-24,16,h
HRG-1308,dev_nam,2025-09-29,8,h
HRG-1308,dev_nam,2025-10-01,8,h
HRG-1308,dev_nam,2025-10-14,8,h
HRG-1308,dev_nam,2025-10-17,16,h
HRG-1308,dev_nam,2025-10-24,8,h
HRG-1308,dev_nam,2025-10-27,4,h
HRG-1308,dev_nam,2025-10-28,0.5,d
HRG-1308,dev_nam,2025-10-30,4,h
HRG-1308,dev_nam,2025-11-03,5,h
HRG-1309,dev_seo,2025-09-05,4,h
HRG-1309,dev_seo,2025-09-09,16,h
HRG-1309,dev_seo,2025-09-10,6,h
HRG-1309,dev_seo,2025-09-18,8,h
HRG-1309,dev_seo,2025-09-19,1.0,d
HRG-1309,dev_seo,2025-09-25,1.0,d
HRG-1309,dev_seo,2025-09-29,16,h
HRG-1309,dev_seo,2025-09-30,6,h
HRG-1309,dev_seo,2025-10-01,4,h
HRG-1309,dev_seo,2025-10-14,8,h
HRG-1309,dev_seo,2025-10-15,8,h
HRG-1309,dev_seo,2025-10-16,16,h
HRG-1309,dev_seo,2025-10-17,8,h
HRG-1309,dev_seo,2025-10-20,8,h
HRG-1309,dev_seo,2025-10-21,8,h
HRG-1309,dev_seo,2025-10-22,8,h
HRG-1309,dev_seo,2025-10-23,8,h
HRG-1309,dev_seo,2025-10-28,0.5,d
HRG-1309,dev_seo,2025-10-31,1.0,d
HRG-1309,dev_seo,2025-11-03,8,h
HRG-1309,dev_seo,2025-11-04,8,h
HRG-1309,dev_seo,2025-11-06,4,h
HRG-1312,art_outsource01,2025-10-27,6,h
HRG-1312,art_outsource01,2025-10-28,5,h
HRG-1314,pd_park,2025-08-05,6,h
HRG-1314,pd_park,2025-08-07,16,h
HRG-1314,pd_park,2025-08-11,8,h
HRG-1314,pd_park,2025-08-14,8,h
HRG-1314,pd_park,2025-08-18,8,h
HRG-1314,pd_park,2025-08-19,8,h
HRG-1314,pd_park,2025-08-20,16,h
HRG-1314,pd_park,2025-08-21,8,h
HRG-1314,pd_park,2025-08-22,6,h
HRG-1314,pd_park,2025-08-26,8,h
HRG-1314,pd_park,2025-08-28,8,h
HRG-1314,pd_park,2025-08-29,8,h
HRG-1314,pd_park,2025-09-09,8,h
HRG-1315,art_outsource02,2025-08-29,6,h
HRG-1315,art_outsource02,2025-09-02,8,h
HRG-1315,art_outsource02,2025-09-04,8,h
HRG-1315,art_outsource02,2025-09-05,4,h
HRG-1315,art_outsource02,2025-09-12,16,h
HRG-1315,art_outsource02,2025-09-15,1.0,d
HRG-1315,art_outsource02,2025-09-16,4,h
HRG-1315,art_outsource02,2025-09-18,6,h
HRG-1315,art_outsource02,2025-09-19,16,h
HRG-1317,dev_ryu,2025-09-19,1.0,d
HRG-1317,dev_ryu,2025-09-23,6,h
HRG-1317,dev_ryu,2025-09-30,4,h
HRG-1317,dev_ryu,2025-10-01,8,h
HRG-1317,dev_ryu,2025-10-10,8,h
HRG-1317,dev_ryu,2025-10-16,0.5,d
HRG-1317,dev_ryu,2025-10-20,16,h
HRG-1317,dev_ryu,2025-10-21,8,h
HRG-1317,dev_ryu,2025-10-23,2.0,d
HRG-1317,dev_ryu,2025-10-30,6,h
HRG-1317,dev_ryu,2025-11-06,1.0,d
HRG-1317,dev_ryu,2025-11-07,6,h
HRG-1317,dev_ryu,2025-11-10,8,h
HRG-1319,dev_jung,2025-11-10,3,h
HRG-1321,art_outsource01,2025-10-28,16,h
HRG-1321,art_outsource01,2025-10-31,0.5,d
HRG-1321,art_outsource01,2025-11-04,1.7,d
HRG-1323,pd_park,2025-10-29,6,h
HRG-1323,pd_park,2025-10-30,8,h
HRG-1324,art_outsource01,2025-10-29,8,h
HRG-1324,art_outsource01,2025-10-31,8,h
HRG-1325,dev_nam,2025-11-07,16,h
HRG-1325,dev_nam,2025-11-11,8,h
HRG-1325,dev_nam,2025-11-17,1.0,d
HRG-1325,dev_nam,2025-11-19,4,h
HRG-1326,dev_ryu,2025-11-17,6,h
HRG-1326,dev_ryu,2025-11-18,2,h
HRG-1327,pd_park,2025-08-12,6,h
HRG-1327,pd_park,2025-08-19,8,h
HRG-1327,pd_park,2025-08-20,4,h
HRG-1327,pd_park,2025-08-21,4,h
HRG-1327,pd_park,2025-08-25,6,h
HRG-1327,pd_park,2025-08-27,8,h
HRG-1327,pd_park,2025-08-28,6,h
HRG-1327,pd_park,2025-09-08,4,h
HRG-1327,pd_park,2025-09-09,8,h
HRG-1327,pd_park,2025-09-10,16,h
HRG-1328,art_outsource02,2025-08-29,6,h
HRG-1328,art_outsource02,2025-09-01,8,h
HRG-1328,art_outsource02,2025-09-02,8,h
HRG-1328,art_outsource02,2025-09-03,1.0,d
HRG-1328,art_outsource02,2025-09-05,6,h
HRG-1328,art_outsource02,2025-09-10,16,h
HRG-1328,art_outsource02,2025-09-15,2.0,d
HRG-1328,art_outsource02,2025-09-17,14,h
HRG-1330,dev_han,2025-09-18,6,h
HRG-1330,dev_han,2025-09-19,8,h
HRG-1330,dev_han,2025-09-22,8,h
HRG-1330,dev_han,2025-09-24,8,h
HRG-1330,dev_han,2025-09-26,6,h
HRG-1330,dev_han,2025-09-30,4,h
HRG-1330,dev_han,2025-10-01,8,h
HRG-1330,dev_han,2025-10-02,1.0,d
HRG-1330,dev_han,2025-10-13,16,h
HRG-1330,dev_han,2025-10-15,8,h
HRG-1330,dev_han,2025-10-16,8,h
HRG-1330,dev_han,2025-10-17,6,h
HRG-1330,dev_han,2025-10-20,6,h
HRG-1330,dev_han,2025-10-24,16,h
HRG-1330,dev_han,2025-10-28,4,h
HRG-1330,dev_han,2025-10-31,4,h
HRG-1330,dev_han,2025-11-05,8,h
HRG-1332,dev_oh,2025-10-24,8,h
HRG-1333,dev_han,2025-10-17,8,h
HRG-1333,dev_han,2025-10-20,8,h
HRG-1333,dev_han,2025-10-21,16,h
HRG-1333,dev_han,2025-10-22,8,h
HRG-1333,dev_han,2025-10-23,0.8,d
HRG-1333,dev_han,2025-10-24,2,h
HRG-1335,dev_oh,2025-10-20,16,h
HRG-1335,dev_oh,2025-10-23,6,h
HRG-1336,dev_nam,2025-10-14,6,h
HRG-1336,dev_nam,2025-10-15,1.9,d
HRG-1337,dev_oh,2025-09-30,4,h
HRG-1337,dev_oh,2025-10-02,8,h
HRG-1337,dev_oh,2025-10-13,6,h
HRG-1337,dev_oh,2025-10-20,8,h
HRG-1337,dev_oh,2025-10-21,8,h
HRG-1337,dev_oh,2025-10-22,8,h
HRG-1337,dev_oh,2025-10-23,0.5,d
HRG-1338,dev_seo,2025-10-15,1.0,d
HRG-1338,dev_seo,2025-10-20,8,h
HRG-1338,dev_seo,2025-10-22,8,h
HRG-1338,dev_seo,2025-10-24,8,h
HRG-1338,dev_seo,2025-10-28,6,h
HRG-1338,dev_seo,2025-10-30,16,h
HRG-1338,dev_seo,2025-11-03,1.0,d
HRG-1339,dev_han,2025-10-22,8,h
HRG-1339,dev_han,2025-10-27,8,h
HRG-1340,pd_lee,2025-09-24,6,h
HRG-1340,pd_lee,2025-09-26,8,h
HRG-1340,pd_lee,2025-09-29,8,h
HRG-1340,pd_lee,2025-10-02,6,h
HRG-1340,pd_lee,2025-10-13,16,h
HRG-1340,pd_lee,2025-10-16,0.8,d
HRG-1340,pd_lee,2025-10-21,6,h
HRG-1340,pd_lee,2025-10-22,6,h
HRG-1340,pd_lee,2025-10-27,8,h
HRG-1340,pd_lee,2025-10-28,6,h
HRG-1340,pd_lee,2025-10-29,4,h
HRG-1340,pd_lee,2025-10-30,6,h
HRG-1340,pd_lee,2025-10-31,6,h
HRG-1341,art_outsource02,2025-10-16,8,h
HRG-1341,art_outsource02,2025-10-20,1.0,d
HRG-1341,art_outsource02,2025-10-21,8,h
HRG-1341,art_outsource02,2025-10-23,4,h
HRG-1341,art_outsource02,2025-10-24,6,h
HRG-1341,art_outsource02,2025-10-28,6,h
HRG-1341,art_outsource02,2025-10-29,8,h
HRG-1341,art_outsource02,2025-10-31,8,h
HRG-1341,art_outsource02,2025-11-03,8,h
HRG-1341,art_outsource02,2025-11-05,8,h
HRG-1341,art_outsource02,2025-11-07,6,h
HRG-1341,art_outsource02,2025-11-11,8,h
HRG-1341,art_outsource02,2025-11-14,8,h
HRG-1341,art_outsource02,2025-11-18,1.0,d
HRG-1342,dev_jung,2025-11-12,16,h
HRG-1342,dev_jung,2025-11-13,8,h
HRG-1342,dev_jung,2025-11-17,16,h
HRG-1342,dev_jung,2025-11-19,6,h
HRG-1342,dev_jung,2025-11-20,8,h
HRG-1342,dev_jung,2025-11-24,16,h
HRG-1342,dev_jung,2025-11-26,8,h
HRG-1342,dev_jung,2025-11-28,8,h
HRG-1342,dev_jung,2025-12-02,8,h
HRG-1342,dev_jung,2025-12-08,8,h
HRG-1342,dev_jung,2025-12-10,8,h
HRG-1342,dev_jung,2025-12-22,8,h
HRG-1342,dev_jung,2025-12-24,8,h
HRG-1342,dev_jung,2026-01-06,16,h
HRG-1342,dev_jung,2026-01-07,6,h
HRG-1342,dev_jung,2026-01-08,6,h
HRG-1342,dev_jung,2026-01-13,2,h
HRG-1343,dev_ryu,2025-11-12,6,h
HRG-1343,dev_ryu,2025-11-13,6,h
HRG-1343,dev_ryu,2025-11-18,0.5,d
HRG-1343,dev_ryu,2025-11-25,4,h
HRG-1343,dev_ryu,2025-12-01,16,h
HRG-1343,dev_ryu,2025-12-03,4,h
HRG-1343,dev_ryu,2025-12-04,8,h
HRG-1343,dev_ryu,2025-12-05,8,h
HRG-1343,dev_ryu,2025-12-08,8,h
HRG-1343,dev_ryu,2025-12-09,8,h
HRG-1343,dev_ryu,2025-12-10,4,h
HRG-1343,dev_ryu,2025-12-12,6,h
HRG-1343,dev_ryu,2025-12-15,4,h
HRG-1343,dev_ryu,2025-12-17,8,h
HRG-1343,dev_ryu,2025-12-19,16,h
HRG-1343,dev_ryu,2025-12-22,8,h
HRG-1343,dev_ryu,2025-12-31,8,h
HRG-1343,dev_ryu,2026-01-13,1.0,d
HRG-1346,art_outsource01,2025-11-24,2.0,d
HRG-1346,art_outsource01,2025-11-25,4,h
HRG-1346,art_outsource01,2025-11-27,6,h
HRG-1346,art_outsource01,2025-11-28,6,h
HRG-1346,art_outsource01,2025-12-02,1.0,d
HRG-1346,art_outsource01,2025-12-03,1.0,d
HRG-1346,art_outsource01,2025-12-04,4,h
HRG-1347,dev_nam,2025-12-02,6,h
HRG-1347,dev_nam,2025-12-09,8,h
HRG-1347,dev_nam,2025-12-12,8,h
HRG-1347,dev_nam,2025-12-15,8,h
HRG-1347,dev_nam,2025-12-18,8,h
HRG-1347,dev_nam,2025-12-19,6,h
HRG-1347,dev_nam,2025-12-23,8,h
HRG-1347,dev_nam,2025-12-29,8,h
HRG-1347,dev_nam,2026-01-02,8,h
HRG-1347,dev_nam,2026-01-05,8,h
HRG-1347,dev_nam,2026-01-08,8,h
HRG-1347,dev_nam,2026-01-09,6,h
HRG-1347,dev_nam,2026-01-13,8,h
HRG-1348,pd_kim,2025-11-04,2.0,d
HRG-1348,pd_kim,2025-11-06,4,h
HRG-1348,pd_kim,2025-11-07,8,h
HRG-1348,pd_kim,2025-11-14,8,h
HRG-1348,pd_kim,2025-11-17,8,h
HRG-1348,pd_kim,2025-11-19,8,h
HRG-1348,pd_kim,2025-11-20,6,h
HRG-1348,pd_kim,2025-11-24,8,h
HRG-1348,pd_kim,2025-12-03,2.0,d
HRG-1348,pd_kim,2025-12-04,8,h
HRG-1349,art_outsource02,2025-11-17,4,h
HRG-1349,art_outsource02,2025-11-21,6,h
HRG-1349,art_outsource02,2025-11-28,8,h
HRG-1349,art_outsource02,2025-12-02,4,h
HRG-1349,art_outsource02,2025-12-03,4,h
HRG-1349,art_outsource02,2025-12-11,1.0,d
HRG-1349,art_outsource02,2025-12-12,6,h
HRG-1349,art_outsource02,2025-12-22,8,h
HRG-1349,art_outsource02,2025-12-24,8,h
HRG-1349,art_outsource02,2025-12-26,4,h
HRG-1349,art_outsource02,2026-01-02,2.0,d
HRG-1349,art_outsource02,2026-01-09,16,h
HRG-1349,art_outsource02,2026-01-14,8,h
HRG-1349,art_outsource02,2026-01-16,2.0,d
HRG-1349,art_outsource02,2026-01-20,8,h
HRG-1349,art_outsource02,2026-01-22,4,h
HRG-1351,dev_ryu,2025-12-16,4,h
HRG-1351,dev_ryu,2025-12-17,4,h
HRG-1351,dev_ryu,2026-01-02,8,h
HRG-1351,dev_ryu,2026-01-05,8,h
HRG-1351,dev_ryu,2026-01-08,8,h
HRG-1351,dev_ryu,2026-01-09,8,h
HRG-1353,dev_han,2026-01-19,8,h
HRG-1354,pd_lee,2025-10-17,8,h
HRG-1354,pd_lee,2025-10-20,8,h
HRG-1354,pd_lee,2025-10-21,4,h
HRG-1354,pd_lee,2025-10-22,6,h
HRG-1354,pd_lee,2025-10-23,16,h
HRG-1354,pd_lee,2025-10-24,6,h
HRG-1354,pd_lee,2025-10-28,8,h
HRG-1354,pd_lee,2025-10-31,8,h
HRG-1354,pd_lee,2025-11-10,8,h
HRG-1354,pd_lee,2025-11-12,6,h
HRG-1355,art_outsource01,2025-11-10,16,h
HRG-1355,art_outsource01,2025-11-11,16,h
HRG-1355,art_outsource01,2025-11-12,6,h
HRG-1355,art_outsource01,2025-11-13,4,h
HRG-1355,art_outsource01,2025-11-19,4,h
HRG-1355,art_outsource01,2025-11-20,1.0,d
HRG-1355,art_outsource01,2025-11-21,8,h
HRG-1355,art_outsource01,2025-11-24,8,h
HRG-1355,art_outsource01,2025-12-01,8,h
HRG-1356,dev_nam,2025-11-28,6,h
HRG-1356,dev_nam,2025-12-01,6,h
HRG-1356,dev_nam,2025-12-05,8,h
HRG-1356,dev_nam,2025-12-10,6,h
HRG-1356,dev_nam,2025-12-11,1.0,d
HRG-1356,dev_nam,2025-12-12,6,h
HRG-1356,dev_nam,2025-12-17,8,h
HRG-1356,dev_nam,2025-12-18,6,h
HRG-1356,dev_nam,2025-12-22,16,h
HRG-1356,dev_nam,2025-12-24,16,h
HRG-1356,dev_nam,2025-12-26,8,h
HRG-1356,dev_nam,2026-01-02,8,h
HRG-1356,dev_nam,2026-01-06,6,h
HRG-1356,dev_nam,2026-01-07,1.0,d
HRG-1357,dev_ryu,2025-11-27,8,h
HRG-1357,dev_ryu,2025-11-28,4,h
HRG-1357,dev_ryu,2025-12-01,8,h
HRG-1357,dev_ryu,2025-12-04,4,h
HRG-1357,dev_ryu,2025-12-11,8,h
HRG-1357,dev_ryu,2025-12-12,1.0,d
HRG-1357,dev_ryu,2025-12-16,0.8,d
HRG-1357,dev_ryu,2025-12-17,4,h
HRG-1357,dev_ryu,2025-12-19,8,h
HRG-1357,dev_ryu,2025-12-22,4,h
HRG-1357,dev_ryu,2025-12-23,0.8,d
HRG-1357,dev_ryu,2025-12-26,1.0,d
HRG-1357,dev_ryu,2025-12-29,8,h
HRG-1357,dev_ryu,2026-01-02,8,h
HRG-1357,dev_ryu,2026-01-05,16,h
HRG-1357,dev_ryu,2026-01-07,2,h
HRG-1358,dev_jung,2026-01-08,4,h
HRG-1359,pd_choi,2025-12-23,1.0,d
HRG-1359,pd_choi,2025-12-29,8,h
HRG-1361,dev_oh,2026-01-07,2.0,d
HRG-1361,dev_oh,2026-01-15,8,h
HRG-1364,art_outsource02,2025-10-31,16,h
HRG-1364,art_outsource02,2025-11-03,8,h
HRG-1364,art_outsource02,2025-11-05,4,h
HRG-1364,art_outsource02,2025-11-11,4,h
HRG-1364,art_outsource02,2025-11-13,8,h
HRG-1364,art_outsource02,2025-11-17,8,h
HRG-1364,art_outsource02,2025-11-18,8,h
HRG-1364,art_outsource02,2025-11-21,1.0,d
HRG-1364,art_outsource02,2025-11-25,4,h
HRG-1364,art_outsource02,2025-11-26,1.0,d
HRG-1364,art_outsource02,2025-12-01,4,h
HRG-1364,art_outsource02,2025-12-02,8,h
HRG-1364,art_outsource02,2025-12-05,8,h
HRG-1364,art_outsource02,2025-12-08,16,h
HRG-1364,art_outsource02,2025-12-09,8,h
HRG-1364,art_outsource02,2025-12-11,1.0,d
HRG-1364,art_outsource02,2025-12-16,8,h
HRG-1364,art_outsource02,2025-12-17,4,h
HRG-1364,art_outsource02,2025-12-22,8,h
HRG-1364,art_outsource02,2025-12-23,8,h
HRG-1364,art_outsource02,2025-12-24,6,h
HRG-1366,dev_seo,2025-12-12,4,h
HRG-1366,dev_seo,2025-12-18,16,h
HRG-1366,dev_seo,2025-12-19,6,h
HRG-1366,dev_seo,2025-12-23,8,h
HRG-1366,dev_seo,2025-12-24,4,h
HRG-1366,dev_seo,2025-12-26,16,h
HRG-1366,dev_seo,2025-12-31,8,h
HRG-1366,dev_seo,2026-01-05,8,h
HRG-1366,dev_seo,2026-01-08,4,h
HRG-1368,art_outsource02,2025-12-01,1.0,d
HRG-1368,art_outsource02,2025-12-03,16,h
HRG-1368,art_outsource02,2025-12-05,6,h
HRG-1368,art_outsource02,2025-12-11,4,h
HRG-1368,art_outsource02,2025-12-12,15,h
HRG-1369,dev_nam,2025-12-15,4,h
HRG-1369,dev_nam,2025-12-17,8,h
HRG-1369,dev_nam,2025-12-19,8,h
HRG-1369,dev_nam,2025-12-22,6,h
HRG-1369,dev_nam,2025-12-23,8,h
HRG-1369,dev_nam,2025-12-26,4,h
HRG-1369,dev_nam,2025-12-29,8,h
HRG-1369,dev_nam,2025-12-30,16,h
HRG-1369,dev_nam,2025-12-31,8,h
HRG-1369,dev_nam,2026-01-05,16,h
HRG-1369,dev_nam,2026-01-06,4,h
HRG-1371,dev_han,2026-01-20,8,h
HRG-1371,dev_han,2026-01-21,0,h
HRG-1373,art_outsource02,2025-11-21,2.0,d
HRG-1373,art_outsource02,2025-11-25,8,h
HRG-1373,art_outsource02,2025-12-02,1.0,d
HRG-1373,art_outsource02,2025-12-04,0.8,d
HRG-1373,art_outsource02,2025-12-05,1.0,d
HRG-1373,art_outsource02,2025-12-10,6,h
HRG-1373,art_outsource02,2025-12-18,8,h
HRG-1373,art_outsource02,2025-12-22,4,h
HRG-1373,art_outsource02,2025-12-24,6,h
HRG-1373,art_outsource02,2025-12-26,8,h
HRG-1373,art_outsource02,2025-12-29,4,h
HRG-1373,art_outsource02,2025-12-30,8,h
HRG-1373,art_outsource02,2025-12-31,16,h
HRG-1373,art_outsource02,2026-01-05,16,h
HRG-1373,art_outsource02,2026-01-06,16,h
HRG-1373,art_outsource02,2026-01-07,16,h
HRG-1373,art_outsource02,2026-01-08,16,h
HRG-1373,art_outsource02,2026-01-12,8,h
HRG-1376,dev_jung,2026-01-13,0.6,d
HRG-1377,art_yoon,2025-12-18,8,h
HRG-1379,art_shin,2025-12-16,8,h
HRG-1379,art_shin,2025-12-17,4,h
HRG-1379,art_shin,2025-12-18,1.0,d
HRG-1379,art_shin,2025-12-19,6,h
HRG-1380,art_shin,2025-12-17,8,h
HRG-1380,art_shin,2025-12-18,8,h
HRG-1380,art_shin,2025-12-24,1.0,d
HRG-1381,dev_nam,2026-01-07,8,h
HRG-1381,dev_nam,2026-01-14,0,h
HRG-1383,dev_seo,2025-12-18,8,h
HRG-1383,dev_seo,2025-12-23,8,h
HRG-1383,dev_seo,2025-12-31,8,h
HRG-1391,dev_han,2026-01-23,8,h
HRG-1391,dev_han,2026-01-30,4,h
HRG-1391,dev_han,2026-02-02,8,h
HRG-1391,dev_han,2026-02-03,4,h
HRG-1391,dev_han,2026-02-04,8,h
HRG-1391,dev_han,2026-02-05,8,h
HRG-1391,dev_han,2026-02-06,8,h
HRG-1391,dev_han,2026-02-09,16,h
HRG-1391,dev_han,2026-02-10,6,h
HRG-1393,art_shin,2026-02-25,8,h
HRG-1393,art_shin,2026-02-26,8,h
HRG-1393,art_shin,2026-02-27,6,h
HRG-1393,art_shin,2026-03-03,7,h
HRG-1394,dev_han,2026-02-11,16,h
HRG-1394,dev_han,2026-02-12,1.0,d
HRG-1394,dev_han,2026-02-20,1.7,d
HRG-1395,dev_oh,2026-02-11,6,h
HRG-1395,dev_oh,2026-02-12,1.0,d
HRG-1395,dev_oh,2026-02-20,8,h
HRG-1395,dev_oh,2026-02-23,8,h
